speed;distance
0.2095349;7.54659

