speed;distance
0.142876;11.95726

