speed;distance
0.1949168;0.1697647

