speed;distance
0.2766815;10.82448

